"Path","LineNumber","Line"
"C:\Wilderfolk\src\audio\workDetect.ts","36","/** Terrain family under a world position (10-unit terrain cells). */"
"C:\Wilderfolk\src\components\tabPanels\VillageTabPanel.tsx","195","            <div className=""font-bold text-slate-300"">{villageStats.imprisoned}</div>"
"C:\Wilderfolk\src\components\tabPanels\VillageTabPanel.tsx","196","            <div className=""text-stone-400"">jailed</div>"
"C:\Wilderfolk\src\components\tabPanels\VillageTabPanel.tsx","277","                'guard_halberds', 'wall_plates',"
"C:\Wilderfolk\src\components\BuildCatalogPanel.tsx","38","  // without cancelling first — ""can't change build type while one is selected"")."
"C:\Wilderfolk\src\components\FrontierPanel.tsx","19","import { getBarracksGuardCount, countCompletedDefenseBuildings } from '../game/defenseStructures';"
"C:\Wilderfolk\src\components\FrontierPanel.tsx","49","  const guards = getBarracksGuardCount(state, state.buildings);"
"C:\Wilderfolk\src\components\FrontierPanel.tsx","80","          Raids test prep you already made — no battle screen. Stock spears, walls, guards, and tribute food before they arrive."
"C:\Wilderfolk\src\components\FrontierPanel.tsx","92","            <div className=""text-stone-400"">Guards</div>"
"C:\Wilderfolk\src\components\FrontierPanel.tsx","93","            <strong className={guards > 0 ? 'text-violet-300' : 'text-amber-400'}>"
"C:\Wilderfolk\src\components\FrontierPanel.tsx","94","              {guards}{barracksCount > 0 ? ` / ${barracksCount} barracks` : ''}"
"C:\Wilderfolk\src\components\FrontierPanel.tsx","102","        <p className=""mt-1.5 text-[10px] text-stone-300"">🏹 {armament} · assign guards in Barracks inspector</p>"
"C:\Wilderfolk\src\components\SelectedBuildingPanel.tsx","59","  [BuildingType.Prison]: 'Staffed by a Guard. Caught adulterers may be sentenced here for a few days.',"
"C:\Wilderfolk\src\components\SelectedBuildingPanel.tsx","64","  [BuildingType.Barracks]: 'Assign Guards — each patrols the village (+12 militia strength).',"
"C:\Wilderfolk\src\components\SelectedBuildingPanel.tsx","305","  const prisoners = building.type === BuildingType.Prison"
"C:\Wilderfolk\src\components\SelectedBuildingPanel.tsx","306","    ? state.entities.filter((e) => e.alive && e.type === EntityType.Human && e.prisonBuildingId === building.id)"
"C:\Wilderfolk\src\components\SelectedBuildingPanel.tsx","354","        {building.completed && BUILDING_JOB_TYPES[building.type] && building.type !== BuildingType.Church && building.type !== BuildingType.Prison && building.type !== BuildingType.Barracks && ("
"C:\Wilderfolk\src\components\SelectedBuildingPanel.tsx","389","        {building.completed && building.type === BuildingType.Prison && ("
"C:\Wilderfolk\src\components\SelectedBuildingPanel.tsx","390","          <p className=""text-[11px] text-violet-300"">Guard is manual only — assign one below, or the cells stay empty.</p>"
"C:\Wilderfolk\src\components\SelectedBuildingPanel.tsx","393","          <p className=""text-[11px] text-violet-300"">Guards are manual only — assign below; each patrols the village (+12 militia strength).</p>"
"C:\Wilderfolk\src\components\SelectedBuildingPanel.tsx","501","          <p className=""text-[11px] text-amber-400"">⚠️ No guards assigned — militia bonus inactive until you staff the barracks.</p>"
"C:\Wilderfolk\src\components\SelectedBuildingPanel.tsx","587","        {building.type === BuildingType.Prison && prisoners.length > 0 && ("
"C:\Wilderfolk\src\components\SelectedBuildingPanel.tsx","589","            <p className=""text-[11px] font-semibold uppercase tracking-wider text-slate-400"">Prisoners</p>"
"C:\Wilderfolk\src\components\SelectedBuildingPanel.tsx","590","            {prisoners.map((p) => {"
"C:\Wilderfolk\src\components\SelectedBuildingPanel.tsx","591","              const daysLeft = p.prisonerUntilTick ? Math.max(0, Math.ceil((p.prisonerUntilTick - state.tick) / TICKS_PER_DAY)) : 0;"
"C:\Wilderfolk\src\components\SelectedBuildingPanel.tsx","661","                      (building.staffingMode ?? (building.type === BuildingType.Church || building.type === BuildingType.Prison || building.type === BuildingType.Barracks || building.type === BuildingType.School || building.type === BuildingType.TownHall ? 'manual' : 'auto')) === mode"
"C:\Wilderfolk\src\components\SelectedBuildingPanel.tsx","670","            && building.type !== BuildingType.Prison"
"C:\Wilderfolk\src\components\SelectedEntityPanel.tsx","14","  isImprisoned,"
"C:\Wilderfolk\src\components\SelectedEntityPanel.tsx","273","            {isImprisoned(entity) ? (() => {"
"C:\Wilderfolk\src\components\SelectedEntityPanel.tsx","274","              const prison = state.buildings.find((b) => b.id === entity.prisonBuildingId);"
"C:\Wilderfolk\src\components\SelectedEntityPanel.tsx","275","              const daysLeft = entity.prisonerUntilTick ? Math.max(0, Math.ceil((entity.prisonerUntilTick - state.tick) / TICKS_PER_DAY)) : 0;"
"C:\Wilderfolk\src\components\SelectedEntityPanel.tsx","278","                  ⛓️ Imprisoned{prison ? ` at ${getBuildingConfig(prison.type).label}` : ''} · {daysLeft} day{daysLeft === 1 ? '' : 's'} left"
"C:\Wilderfolk\src\game\renderer\grid.ts","107","/** Soft diamond “tile” at a screen point — 2.5D grid cell / snap marker. */"
"C:\Wilderfolk\src\game\renderer\grid.ts","108","export function drawIsoCellMarker("
"C:\Wilderfolk\src\game\renderer\grid.ts","161","      drawIsoCellMarker("
"C:\Wilderfolk\src\game\renderer\grid.ts","197","        drawIsoCellMarker("
"C:\Wilderfolk\src\game\renderer\grid.ts","209","        drawIsoCellMarker("
"C:\Wilderfolk\src\game\renderer\grid.ts","227","  // Validity checker on coarse cells — diamond plates instead of flat squares"
"C:\Wilderfolk\src\game\renderer\grid.ts","242","        drawIsoCellMarker("
"C:\Wilderfolk\src\game\renderer\grid.ts","252","  // Cell size hint when zoomed in during build"
"C:\Wilderfolk\src\game\renderer\grid.ts","328","    drawIsoCellMarker("
"C:\Wilderfolk\src\game\renderer\grid.ts","344","    // Inner cell ticks for large footprints (along diamond axes)"
"C:\Wilderfolk\src\game\renderer\grid.ts","369","    drawIsoCellMarker("
"C:\Wilderfolk\src\game\renderer\grid.ts","405","          drawIsoCellMarker("
"C:\Wilderfolk\src\game\renderer\scent.ts","21","  const cellSize = grid?.cellSize ?? reader!.cellSize;"
"C:\Wilderfolk\src\game\renderer\scent.ts","38","  const col0 = Math.max(0, Math.floor(wl / cellSize));"
"C:\Wilderfolk\src\game\renderer\scent.ts","39","  const col1 = Math.min(cols - 1, Math.ceil(wr / cellSize));"
"C:\Wilderfolk\src\game\renderer\scent.ts","40","  const row0 = Math.max(0, Math.floor(wt / cellSize));"
"C:\Wilderfolk\src\game\renderer\scent.ts","41","  const row1 = Math.min(rows - 1, Math.ceil(wb / cellSize));"
"C:\Wilderfolk\src\game\renderer\scent.ts","42","  const cellPx = cellSize * cam.zoom;"
"C:\Wilderfolk\src\game\renderer\scent.ts","48","      const sx = worldToScreenX(col * cellSize, cam, cw);"
"C:\Wilderfolk\src\game\renderer\scent.ts","49","      const sy = worldToScreenY(row * cellSize, cam, ch);"
"C:\Wilderfolk\src\game\renderer\scent.ts","52","      ctx.fillRect(sx, sy, cellPx, cellPx);"
"C:\Wilderfolk\src\game\simBuffers\renderBufferPool.ts","48","    // Guard against null/undefined or undersized buffers; always alloc fresh if unusable."
"C:\Wilderfolk\src\game\simBuffers\simDelta.ts","170","  'prisonBuildingId', 'prisonerUntilTick', 'prisonSentenceCrime', 'affairPartnerId',"
"C:\Wilderfolk\src\game\simulation\decisionRegistry.ts","70","    owner: 'workforce.ts — assignWorkerInPlace, transferWorkerBetweenBuildings, assignBuilderInPlace, assignMissingWorkers, syncJobBuildingOccupants, prepareWorkforce, releasePrisoners; player-command entry: buildingActions.assignIdleWorkerToBuilding',"
"C:\Wilderfolk\src\game\simulation\decisionRegistry.ts","128","    writes: ['human.affairPartnerId', 'human.affairProgress', 'human.lastAffairSiteDay/X/Y', 'human.scandalCooldownUntilTick', 'prison fields on arrest', 'villageReputation'],"
"C:\Wilderfolk\src\game\simulation\humanRelationships.ts","87","    || lover.prisonBuildingId != null"
"C:\Wilderfolk\src\game\simulation\humanRelationships.ts","88","    || entity.prisonBuildingId != null"
"C:\Wilderfolk\src\game\simulation\humanRelationships.ts","492","    && entity.prisonBuildingId == null"
"C:\Wilderfolk\src\game\simulation\humanRelationships.ts","519","    || entity.prisonBuildingId != null"
"C:\Wilderfolk\src\game\simulation\humanRelationships.ts","520","    || partner.prisonBuildingId != null"
"C:\Wilderfolk\src\game\simulation\humanRelationships.ts","625","  if (entity.prisonBuildingId != null || target.prisonBuildingId != null) return false;"
"C:\Wilderfolk\src\game\simulation\humanRelationships.ts","895","  if (b.prisonBuildingId == null) {"
"C:\Wilderfolk\src\game\simulation\humanRelationships.ts","915","  // arrestForScandal teleports the cheater to prison — spouse is no longer in range."
"C:\Wilderfolk\src\game\simulation\humanRelationships.ts","965","function countGuardsAtPrison(humans: Entity[], prison: Building): number {"
"C:\Wilderfolk\src\game\simulation\humanRelationships.ts","970","      && human.job === JobType.PrisonGuard"
"C:\Wilderfolk\src\game\simulation\humanRelationships.ts","971","      && human.homeBuildingId === prison.id"
"C:\Wilderfolk\src\game\simulation\humanRelationships.ts","972","      && human.prisonBuildingId == null,"
"C:\Wilderfolk\src\game\simulation\humanRelationships.ts","976","function hasStaffedPrison(state: WorldState): boolean {"
"C:\Wilderfolk\src\game\simulation\humanRelationships.ts","979","    (b) => b.completed && b.type === BuildingType.Prison && countGuardsAtPrison(humans, b) > 0,"
"C:\Wilderfolk\src\game\simulation\humanRelationships.ts","983","/** Gossip vs caught — affairs happen anywhere in the village; a staffed prison enables formal busts. */"
"C:\Wilderfolk\src\game\simulation\humanRelationships.ts","990","  if (hasStaffedPrison(state) && Math.random() < 0.22) {"
"C:\Wilderfolk\src\game\simulation\humanRelationships.ts","1001","/** Spouse or guard catches lovers in the act — only one partner rolls per pair (lower id). */"
"C:\Wilderfolk\src\game\simulation\humanRelationships.ts","1105","function countPrisonersAt(state: WorldState, prisonId: number): number {"
"C:\Wilderfolk\src\game\simulation\humanRelationships.ts","1107","    (e) => e.alive && e.type === EntityType.Human && e.prisonBuildingId === prisonId,"
"C:\Wilderfolk\src\game\simulation\humanRelationships.ts","1111","/** Prison sentences apply to married settlers who broke their vows — not single paramours. */"
"C:\Wilderfolk\src\game\simulation\humanRelationships.ts","1120","  const prisons = state.buildings.filter("
"C:\Wilderfolk\src\game\simulation\humanRelationships.ts","1121","    (b) => b.completed && b.type === BuildingType.Prison && countGuardsAtPrison(humans, b) > 0,"
"C:\Wilderfolk\src\game\simulation\humanRelationships.ts","1123","  if (prisons.length === 0) return;"
"C:\Wilderfolk\src\game\simulation\humanRelationships.ts","1124","  const arrestChance = Math.min(0.85, 0.6 + prisons.length * 0.08);"
"C:\Wilderfolk\src\game\simulation\humanRelationships.ts","1126","  const prisonerCap = Math.max(1, BUILDING_CONFIGS[BuildingType.Prison].maxOccupants - 1);"
"C:\Wilderfolk\src\game\simulation\humanRelationships.ts","1127","  const prison = prisons.find((b) => countPrisonersAt(state, b.id) < prisonerCap) ?? prisons[0];"
"C:\Wilderfolk\src\game\simulation\humanRelationships.ts","1128","  if (countPrisonersAt(state, prison.id) >= prisonerCap && offender.prisonBuildingId == null) return;"
"C:\Wilderfolk\src\game\simulation\humanRelationships.ts","1133","  if (offender.prisonBuildingId != null) {"
"C:\Wilderfolk\src\game\simulation\humanRelationships.ts","1135","    if (offender.prisonSentenceCrime === 'scandal') {"
"C:\Wilderfolk\src\game\simulation\humanRelationships.ts","1136","      offender.prisonerUntilTick = Math.max(offender.prisonerUntilTick ?? 0, newReleaseTick);"
"C:\Wilderfolk\src\game\simulation\humanRelationships.ts","1157","  offender.prisonBuildingId = prison.id;"
"C:\Wilderfolk\src\game\simulation\humanRelationships.ts","1158","  offender.prisonSentenceCrime = 'scandal';"
"C:\Wilderfolk\src\game\simulation\humanRelationships.ts","1159","  offender.prisonerUntilTick = newReleaseTick;"
"C:\Wilderfolk\src\game\simulation\humanRelationships.ts","1160","  offender.x = prison.x + (Math.random() - 0.5) * 12;"
"C:\Wilderfolk\src\game\simulation\humanRelationships.ts","1161","  offender.y = prison.y + (Math.random() - 0.5) * 8;"
"C:\Wilderfolk\src\game\simulation\humanRelationships.ts","1164","  prison.occupants.push(offender.id);"
"C:\Wilderfolk\src\game\simulation\humanRelationships.ts","1166","  logEvent(state, 'event', `${name} was imprisoned for scandal`, name);"
"C:\Wilderfolk\src\game\simulation\humanRelationships.ts","1167","  addNotification(state, 'Imprisoned', `${name} sentenced for scandal`, 'warning');"
"C:\Wilderfolk\src\game\simulation\humanRelationships.ts","1168","  addFloatingText(state, prison.x, prison.y - 20, 'Imprisoned', '#94a3b8');"
"C:\Wilderfolk\src\game\simulation\humanRelationships.ts","1186","    && entity.prisonBuildingId == null"
"C:\Wilderfolk\src\game\simulation\simulationInvariants.ts","24"," *   - prison (completed): guards via `homeBuildingId` + prisoners via"
"C:\Wilderfolk\src\game\simulation\simulationInvariants.ts","25"," *     `prisonBuildingId`"
"C:\Wilderfolk\src\game\simulation\simulationInvariants.ts","41","type BuildingRole = 'prison' | 'residence' | 'workplace' | 'crew' | 'none';"
"C:\Wilderfolk\src\game\simulation\simulationInvariants.ts","45","  if (building.completed && building.type === BuildingType.Prison) return 'prison';"
"C:\Wilderfolk\src\game\simulation\simulationInvariants.ts","139","        case 'prison': {"
"C:\Wilderfolk\src\game\simulation\simulationInvariants.ts","140","          const isPrisoner = occupant.prisonBuildingId === building.id;"
"C:\Wilderfolk\src\game\simulation\simulationInvariants.ts","141","          const isGuard = occupant.homeBuildingId === building.id;"
"C:\Wilderfolk\src\game\simulation\simulationInvariants.ts","142","          if (!isPrisoner && !isGuard) {"
"C:\Wilderfolk\src\game\simulation\simulationInvariants.ts","144","              `human ${occupantId} in prison #${building.id} is neither prisoner (prisonBuildingId) nor guard (homeBuildingId)`,"
"C:\Wilderfolk\src\game\simulation\simulationInvariants.ts","199","    if (entity.prisonBuildingId != null) {"
"C:\Wilderfolk\src\game\simulation\simulationInvariants.ts","200","      const prison = buildingById.get(entity.prisonBuildingId);"
"C:\Wilderfolk\src\game\simulation\simulationInvariants.ts","201","      if (!prison) {"
"C:\Wilderfolk\src\game\simulation\simulationInvariants.ts","203","          `human ${id} prisonBuildingId ${entity.prisonBuildingId} references demolished or missing building`,"
"C:\Wilderfolk\src\game\simulation\simulationInvariants.ts","205","      } else if (prison.type !== BuildingType.Prison) {"
"C:\Wilderfolk\src\game\simulation\simulationInvariants.ts","207","          `human ${id} prisonBuildingId ${entity.prisonBuildingId} is not a Prison (${prison.type})`,"
"C:\Wilderfolk\src\game\simulation\simulationInvariants.ts","209","      } else if (!prison.occupants.includes(id)) {"
"C:\Wilderfolk\src\game\simulation\simulationInvariants.ts","211","          `human ${id} prisonBuildingId ${entity.prisonBuildingId} missing from that prison's occupants`,"
"C:\Wilderfolk\src\game\simulation\simulationInvariants.ts","267","      if (manor && leader.prisonBuildingId == null && leader.residenceBuildingId !== manor.id) {"
"C:\Wilderfolk\src\game\adaptiveSpatialQuery.ts","3","import { SOCIAL_CELL_SIZE } from './spatialGrid';"
"C:\Wilderfolk\src\game\adaptiveSpatialQuery.ts","26","  /** Must match the grid's cell size. */"
"C:\Wilderfolk\src\game\adaptiveSpatialQuery.ts","27","  cellSize: number;"
"C:\Wilderfolk\src\game\adaptiveSpatialQuery.ts","42","  estimatedCells: number;"
"C:\Wilderfolk\src\game\adaptiveSpatialQuery.ts","77"," * Work estimate for a radius query against the grid: the number of cells the"
"C:\Wilderfolk\src\game\adaptiveSpatialQuery.ts","86","  cellSize: number,"
"C:\Wilderfolk\src\game\adaptiveSpatialQuery.ts","88","): { estimatedCandidates: number; estimatedCells: number; estimatedGridWork: number } {"
"C:\Wilderfolk\src\game\adaptiveSpatialQuery.ts","89","  const cols = Math.max(1, Math.ceil(worldWidth / cellSize));"
"C:\Wilderfolk\src\game\adaptiveSpatialQuery.ts","90","  const rows = Math.max(1, Math.ceil(worldHeight / cellSize));"
"C:\Wilderfolk\src\game\adaptiveSpatialQuery.ts","91","  const cellRadius = Math.ceil(radius / cellSize);"
"C:\Wilderfolk\src\game\adaptiveSpatialQuery.ts","92","  const minCol = Math.max(0, -cellRadius);"
"C:\Wilderfolk\src\game\adaptiveSpatialQuery.ts","93","  const maxCol = Math.min(cols - 1, cellRadius);"
"C:\Wilderfolk\src\game\adaptiveSpatialQuery.ts","94","  const minRow = Math.max(0, -cellRadius);"
"C:\Wilderfolk\src\game\adaptiveSpatialQuery.ts","95","  const maxRow = Math.min(rows - 1, cellRadius);"
"C:\Wilderfolk\src\game\adaptiveSpatialQuery.ts","96","  const estimatedCells = (maxCol - minCol + 1) * (maxRow - minRow + 1);"
"C:\Wilderfolk\src\game\adaptiveSpatialQuery.ts","97","  const totalCells = cols * rows;"
"C:\Wilderfolk\src\game\adaptiveSpatialQuery.ts","98","  const perCell = population / Math.max(1, totalCells);"
"C:\Wilderfolk\src\game\adaptiveSpatialQuery.ts","99","  const estimatedCandidates = Math.ceil(estimatedCells * perCell * densityFactor);"
"C:\Wilderfolk\src\game\adaptiveSpatialQuery.ts","100","  // Grid work ≈ per-cell iteration overhead + per-candidate distance checks;"
"C:\Wilderfolk\src\game\adaptiveSpatialQuery.ts","101","  // array work ≈ population (one pass, no cell overhead)."
"C:\Wilderfolk\src\game\adaptiveSpatialQuery.ts","102","  const estimatedGridWork = estimatedCells * 0.6 + estimatedCandidates;"
"C:\Wilderfolk\src\game\adaptiveSpatialQuery.ts","103","  return { estimatedCandidates, estimatedCells, estimatedGridWork };"
"C:\Wilderfolk\src\game\adaptiveSpatialQuery.ts","111","  est: { estimatedCandidates: number; estimatedCells: number; estimatedGridWork: number },"
"C:\Wilderfolk\src\game\adaptiveSpatialQuery.ts","119","    estimatedCells: est.estimatedCells,"
"C:\Wilderfolk\src\game\adaptiveSpatialQuery.ts","128","): { mode: 'grid' | 'naive'; est: { estimatedCandidates: number; estimatedCells: number; estimatedGridWork: number } } {"
"C:\Wilderfolk\src\game\adaptiveSpatialQuery.ts","134","    options.cellSize,"
"C:\Wilderfolk\src\game\adaptiveSpatialQuery.ts","248","    cellSize: SOCIAL_CELL_SIZE,"
"C:\Wilderfolk\src\game\adjacencyIndex.ts","4","export const ADJACENCY_CELL = 80;"
"C:\Wilderfolk\src\game\adjacencyIndex.ts","28","function adjacencyCellKey(x: number, y: number): string {"
"C:\Wilderfolk\src\game\adjacencyIndex.ts","29","  return `${Math.floor(x / ADJACENCY_CELL)},${Math.floor(y / ADJACENCY_CELL)}`;"
"C:\Wilderfolk\src\game\adjacencyIndex.ts","53","  const cellRadius = Math.ceil(radius / ADJACENCY_CELL);"
"C:\Wilderfolk\src\game\adjacencyIndex.ts","54","  const cx = Math.floor(x / ADJACENCY_CELL);"
"C:\Wilderfolk\src\game\adjacencyIndex.ts","55","  const cy = Math.floor(y / ADJACENCY_CELL);"
"C:\Wilderfolk\src\game\adjacencyIndex.ts","56","  for (let dx = -cellRadius; dx <= cellRadius; dx++) {"
"C:\Wilderfolk\src\game\adjacencyIndex.ts","57","    for (let dy = -cellRadius; dy <= cellRadius; dy++) {"
"C:\Wilderfolk\src\game\adjacencyIndex.ts","70","/** Sparse cell index for barn/road/market adjacency bonuses — event-driven insert/remove. */"
"C:\Wilderfolk\src\game\adjacencyIndex.ts","76","  private readonly idToCell = new Map<number, { kind: AdjacencySourceKind; key: string }>();"
"C:\Wilderfolk\src\game\adjacencyIndex.ts","92","    const key = adjacencyCellKey(building.x, building.y);"
"C:\Wilderfolk\src\game\adjacencyIndex.ts","104","    const key = adjacencyCellKey(building.x, building.y);"
"C:\Wilderfolk\src\game\adjacencyIndex.ts","107","    this.idToCell.set(building.id, { kind, key });"
"C:\Wilderfolk\src\game\adjacencyIndex.ts","112","    const loc = this.idToCell.get(buildingId);"
"C:\Wilderfolk\src\game\adjacencyIndex.ts","115","      const cell = map.get(loc.key);"
"C:\Wilderfolk\src\game\adjacencyIndex.ts","116","      if (cell) {"
"C:\Wilderfolk\src\game\adjacencyIndex.ts","117","        const idx = cell.findIndex((b) => b.id === buildingId);"
"C:\Wilderfolk\src\game\adjacencyIndex.ts","118","        if (idx >= 0) cell.splice(idx, 1);"
"C:\Wilderfolk\src\game\adjacencyIndex.ts","119","        if (cell.length === 0) map.delete(loc.key);"
"C:\Wilderfolk\src\game\adjacencyIndex.ts","121","      this.idToCell.delete(buildingId);"
"C:\Wilderfolk\src\game\adjacencyIndex.ts","132","    this.idToCell.clear();"
"C:\Wilderfolk\src\game\buildCatalog.ts","56","      BuildingType.Prison,"
"C:\Wilderfolk\src\game\buildingActions.ts","42","  isImprisoned,"
"C:\Wilderfolk\src\game\buildingActions.ts","433","      !isImprisoned(e) &&"
"C:\Wilderfolk\src\game\buildingActions.ts","547","  let guard = 0;"
"C:\Wilderfolk\src\game\buildingActions.ts","548","  while (guard++ < Math.max(cap * 3, 6)) {"
"C:\Wilderfolk\src\game\buildingActions.ts","618","      && !isImprisoned(e)"
"C:\Wilderfolk\src\game\buildingActions.ts","630","        && !isImprisoned(e)"
"C:\Wilderfolk\src\game\buildingActions.ts","724","      && !isImprisoned(e),"
"C:\Wilderfolk\src\game\buildingActions.ts","764","        && !isImprisoned(h),"
"C:\Wilderfolk\src\game\buildingActions.ts","969","    if (e.prisonBuildingId === buildingId) {"
"C:\Wilderfolk\src\game\buildingActions.ts","970","      e.prisonBuildingId = undefined;"
"C:\Wilderfolk\src\game\buildingActions.ts","971","      e.prisonerUntilTick = undefined;"
"C:\Wilderfolk\src\game\buildingActions.ts","972","      e.prisonSentenceCrime = undefined;"
"C:\Wilderfolk\src\game\buildings.ts","29","  Prison: 'prison',"
"C:\Wilderfolk\src\game\buildings.ts","116","   * - **Prison**: guard + prisoner slots share this cap (prisoners typically leave one"
"C:\Wilderfolk\src\game\buildings.ts","117","   *   seat for a guard — see lifeSimulation / moonHowler helpers)."
"C:\Wilderfolk\src\game\buildings.ts","223","    emoji: '🔨', label: 'Blacksmith', description: 'Queue forge upgrades — iron gear, guard halberds, wall plates, pickaxes. Staffed smiths boost industry.',"
"C:\Wilderfolk\src\game\buildings.ts","278","    emoji: '⛪', label: 'Church', description: 'Staffed church boosts courtship and morals. Full-moon nights: up to 4 priests leave home to hunt the Moon Howler — more priests raise cure odds (35% → 71%); Barracks guards nearby can protect a priest from a failed rite.',"
"C:\Wilderfolk\src\game\buildings.ts","310","  [BuildingType.Prison]: {"
"C:\Wilderfolk\src\game\buildings.ts","314","    emoji: '⛓️', label: 'Prison', description: 'Holds scandalous settlers for a short sentence. Requires a Guard.',"
"C:\Wilderfolk\src\game\buildings.ts","315","    sprite: '/sprites/prison.png', backgroundColor: '#475569', padShape: 'rect',"
"C:\Wilderfolk\src\game\buildings.ts","363","    emoji: '⚔️', label: 'Barracks', description: 'Staff Guards to patrol the village (+12 militia strength each).',"
"C:\Wilderfolk\src\game\combat.ts","194","      id: 'guard_halberds',"
"C:\Wilderfolk\src\game\combat.ts","195","      label: 'Guard Halberds',"
"C:\Wilderfolk\src\game\combat.ts","196","      done: isForgeOrderComplete(forge, 'guard_halberds'),"
"C:\Wilderfolk\src\game\combat.ts","197","      detail: forgeStepDetail(forge, 'guard_halberds', 'Research Militia Drill, forge Iron Spears first, then queue halberds.', 'Forged — staffed guards gain extra militia strength.'),"
"C:\Wilderfolk\src\game\combat.ts","281","  barracksGuardKeys: Set<string>;"
"C:\Wilderfolk\src\game\combat.ts","294","  const barracksGuardKeys = new Set<string>();"
"C:\Wilderfolk\src\game\combat.ts","297","    for (const id of b.occupants) barracksGuardKeys.add(`${id}:${b.id}`);"
"C:\Wilderfolk\src\game\combat.ts","300","    barracksGuardKeys,"
"C:\Wilderfolk\src\game\combat.ts","313","    && flags.barracksGuardKeys.has(`${human.id}:${human.homeBuildingId}`)"
"C:\Wilderfolk\src\game\contextualTutorial.ts","184","    detail: 'A settler carries the curse — human most nights, dangerous every 14 days on full moons. Staff a Church; on full-moon nights (20:00–06:00) the priest leaves home to hunt the Moon Howler and may break the curse while it is still in 🌝 form — Barracks guards nearby can protect the priest.',"
"C:\Wilderfolk\src\game\contextualTutorial.ts","190","    detail: 'On full-moon nights cursed settlers hunt your people. Barracks guards, walls, and spears help. Check Nature tab for ecosystem balance.',"
"C:\Wilderfolk\src\game\dayCycle.ts","78"," * are emancipated (EK-E1). Adoptive guardians use ADULT_MIN_AGE (EK-E3)."
"C:\Wilderfolk\src\game\dayCycle.ts","510","export function isImprisoned(human: Entity): boolean {"
"C:\Wilderfolk\src\game\dayCycle.ts","511","  return human.prisonBuildingId != null;"
"C:\Wilderfolk\src\game\dayCycle.ts","708","function pickRandomAdoptiveGuardian(child: Entity, humans: Entity[]): Entity | undefined {"
"C:\Wilderfolk\src\game\dayCycle.ts","842","  const guardian = pickRandomAdoptiveGuardian(child, humans);"
"C:\Wilderfolk\src\game\dayCycle.ts","843","  if (guardian) {"
"C:\Wilderfolk\src\game\dayCycle.ts","844","    if (guardian.gender === 'female') {"
"C:\Wilderfolk\src\game\dayCycle.ts","845","      child.adoptiveMotherId = guardian.id;"
"C:\Wilderfolk\src\game\dayCycle.ts","847","      child.adoptiveFatherId = guardian.id;"
"C:\Wilderfolk\src\game\dayCycle.ts","849","    guardian.childrenIds ??= [];"
"C:\Wilderfolk\src\game\dayCycle.ts","850","    if (!guardian.childrenIds.includes(child.id)) guardian.childrenIds.push(child.id);"
"C:\Wilderfolk\src\game\dayCycle.ts","1628","/** Clear building assignments when a human dies (work, home, prison). */"
"C:\Wilderfolk\src\game\dayCycle.ts","1642","  entity.prisonBuildingId = undefined;"
"C:\Wilderfolk\src\game\dayCycle.ts","1643","  entity.prisonerUntilTick = undefined;"
"C:\Wilderfolk\src\game\dayCycle.ts","1644","  entity.prisonSentenceCrime = undefined;"
"C:\Wilderfolk\src\game\defenseStructures.ts","3","import { isImprisoned } from './dayCycle';"
"C:\Wilderfolk\src\game\defenseStructures.ts","20","   * Trained barracks guards — bonus ON TOP of their adult base."
"C:\Wilderfolk\src\game\defenseStructures.ts","21","   * Guards ARE counted in adultCount, so they receive base (10) + this bonus."
"C:\Wilderfolk\src\game\defenseStructures.ts","23","  guardBonusPerGuard: 14,"
"C:\Wilderfolk\src\game\defenseStructures.ts","91"," * Pure counter — returns how many live, non-imprisoned guards are stationed"
"C:\Wilderfolk\src\game\defenseStructures.ts","94","export function getBarracksGuardCount(state: WorldState, buildings: Building[]): number {"
"C:\Wilderfolk\src\game\defenseStructures.ts","99","  let guards = 0;"
"C:\Wilderfolk\src\game\defenseStructures.ts","107","      if (human && human.alive && human.job === JobType.Soldier && !isImprisoned(human)) {"
"C:\Wilderfolk\src\game\defenseStructures.ts","108","        guards += 1;"
"C:\Wilderfolk\src\game\defenseStructures.ts","112","  return guards;"
"C:\Wilderfolk\src\game\defenseStructures.ts","131","      if (human && human.alive && human.job === JobType.Soldier && !isImprisoned(human)) {"
"C:\Wilderfolk\src\game\defenseStructures.ts","141","export function getBarracksGuardBonus(state: WorldState, buildings: Building[]): number {"
"C:\Wilderfolk\src\game\defenseStructures.ts","142","  const guards = getBarracksGuardCount(state, buildings);"
"C:\Wilderfolk\src\game\defenseStructures.ts","143","  if (guards === 0) return 0;"
"C:\Wilderfolk\src\game\defenseStructures.ts","145","  const perGuard = MILITIA_BALANCE.guardBonusPerGuard + ("
"C:\Wilderfolk\src\game\defenseStructures.ts","146","    isForgeOrderComplete(state.villageForge ?? EMPTY_FORGE, 'guard_halberds')"
"C:\Wilderfolk\src\game\defenseStructures.ts","147","      ? FORGE_BONUSES.guardHalberdPerGuard"
"C:\Wilderfolk\src\game\defenseStructures.ts","150","  return guards * perGuard;"
"C:\Wilderfolk\src\game\defenseStructures.ts","170","  const guards = getBarracksGuardCount(state, buildings);"
"C:\Wilderfolk\src\game\defenseStructures.ts","171","  const guardBonus = getBarracksGuardBonus(state, buildings);"
"C:\Wilderfolk\src\game\defenseStructures.ts","172","  if (guards > 0) {"
"C:\Wilderfolk\src\game\defenseStructures.ts","173","    lines.push(`+ ${guardBonus} barracks guards (${guards} staffed)`);"
"C:\Wilderfolk\src\game\defenseStructures.ts","178","export function isBarracksGuard("
"C:\Wilderfolk\src\game\dialogueTrees.ts","201","  guard: 'work',"
"C:\Wilderfolk\src\game\entityFactory.ts","98","    prisonBuildingId: undefined,"
"C:\Wilderfolk\src\game\entityFactory.ts","99","    prisonerUntilTick: undefined,"
"C:\Wilderfolk\src\game\entityFactory.ts","100","    prisonSentenceCrime: undefined,"
"C:\Wilderfolk\src\game\forge.ts","14","  guardHalberdPerGuard: 6,"
"C:\Wilderfolk\src\game\forge.ts","54","    id: 'guard_halberds',"
"C:\Wilderfolk\src\game\forge.ts","55","    label: 'Guard Halberds',"
"C:\Wilderfolk\src\game\forge.ts","57","    description: `+${FORGE_BONUSES.guardHalberdPerGuard} militia per staffed barracks guard (stacks with base guard bonus).`,"
"C:\Wilderfolk\src\game\frontierCombat.ts","305","  'Raids test preparation you already made — walls, forge tier, guards, and food for tribute. There is no battle screen; outcomes resolve from strength ratios.';"
"C:\Wilderfolk\src\game\frontierCombat.ts","476","const RAID_GUARD_XP: Record<RaidExperienceTier, number> = {"
"C:\Wilderfolk\src\game\frontierCombat.ts","487","const RAID_LEADER_GUARD_XP_BONUS = 0.45;"
"C:\Wilderfolk\src\game\frontierCombat.ts","528","  const baseXp = RAID_GUARD_XP[tier];"
"C:\Wilderfolk\src\game\frontierCombat.ts","536","      gainSkill(state, fighter.id, JobType.Soldier, RAID_LEADER_GUARD_XP_BONUS);"
"C:\Wilderfolk\src\game\frontierCombat.ts","1261","    // Call before strike-back maybeQueueRaid so a fresh counter-march is not cancelled."
"C:\Wilderfolk\src\game\gameEngine.ts","92","  releasePrisoners,"
"C:\Wilderfolk\src\game\gameLoop.ts","205","   * worker host. `initGen` guards against a stale session binding."
"C:\Wilderfolk\src\game\gameTypes.ts","127","  /** @deprecated Legacy saves only; new assignments use Soldier or PrisonGuard. */"
"C:\Wilderfolk\src\game\gameTypes.ts","128","  Guard: 'guard',"
"C:\Wilderfolk\src\game\gameTypes.ts","130","  PrisonGuard: 'prison_guard',"
"C:\Wilderfolk\src\game\gameTypes.ts","167","  [JobType.Guard]: 'Guard (legacy)',"
"C:\Wilderfolk\src\game\gameTypes.ts","169","  [JobType.PrisonGuard]: 'Prison Guard',"
"C:\Wilderfolk\src\game\gameTypes.ts","188","  [BuildingType.Prison]: JobType.PrisonGuard,"
"C:\Wilderfolk\src\game\gameTypes.ts","246","  /** Building ID of the prison this settler is held in, if any. */"
"C:\Wilderfolk\src\game\gameTypes.ts","247","  prisonBuildingId?: number;"
"C:\Wilderfolk\src\game\gameTypes.ts","248","  /** Tick at which this settler is released from prison. */"
"C:\Wilderfolk\src\game\gameTypes.ts","249","  prisonerUntilTick?: number;"
"C:\Wilderfolk\src\game\gameTypes.ts","250","  /** Crime that led to the current prison sentence, if any. */"
"C:\Wilderfolk\src\game\gameTypes.ts","251","  prisonSentenceCrime?: 'scandal';"
"C:\Wilderfolk\src\game\gameTypes.ts","262","  /** Colony day + site of the latest off-screen/in-world affair encounter (for prison proximity). */"
"C:\Wilderfolk\src\game\gameTypes.ts","352","    /** Prison sentence snapshotted during full-moon hunt (live fields cleared). */"
"C:\Wilderfolk\src\game\gameTypes.ts","353","    prisonBuildingId?: number;"
"C:\Wilderfolk\src\game\gameTypes.ts","354","    prisonerUntilTick?: number;"
"C:\Wilderfolk\src\game\gameTypes.ts","355","    prisonSentenceCrime?: 'scandal';"
"C:\Wilderfolk\src\game\gameTypes.ts","437","export type RivalPriority = 'food' | 'trade' | 'security' | 'shelter';"
"C:\Wilderfolk\src\game\gameTypes.ts","622","  | 'guard_halberds'"
"C:\Wilderfolk\src\game\gameTypes.ts","1076","    { id: 'defense_6', type: ResearchType.Defense, name: 'Militia Drill', description: 'Unlocks Guard Halberds forge order — +6 militia per staffed barracks guard', cost: { wood: 90, stone: 55, food: 0, gold: 100, iron: 0 }, unlocked: false, researched: false, prerequisites: ['defense_4'], effects: [], icon: '🪖', tier: 4 },"
"C:\Wilderfolk\src\game\gameTypes.ts","1141","/** Terrain raster cell size in world units (see terrainGen / terrainLayer). */"
"C:\Wilderfolk\src\game\groupEvents.ts","1342","        'Trade cancelled — not enough storage space.',"
"C:\Wilderfolk\src\game\guideHelp.ts","27","    keywords: 'militia raid strength barracks guard defend armament army',"
"C:\Wilderfolk\src\game\guideHelp.ts","28","    body: 'On raids, all adults fight using the village gear tier. Barracks only add extra strength for staffed Guards (empty barracks do nothing). Walls help Barricade more than open Defend.',"
"C:\Wilderfolk\src\game\humanChat.ts","29","  | 'guard'"
"C:\Wilderfolk\src\game\humanTick.ts","11","import { isBarracksGuard } from './defenseStructures';"
"C:\Wilderfolk\src\game\humanTick.ts","188","  if (entity.prisonBuildingId != null) return;"
"C:\Wilderfolk\src\game\humanTick.ts","278","  // 25 cells per human on every non-howler tick)."
"C:\Wilderfolk\src\game\humanTick.ts","410","    const isPrisoner = entity.prisonBuildingId != null;"
"C:\Wilderfolk\src\game\humanTick.ts","420","    if (isNewCalendarDay && !isPrisoner && isPlayerHuman(entity)) {"
"C:\Wilderfolk\src\game\humanTick.ts","464","    const active = !isPrisoner && ("
"C:\Wilderfolk\src\game\humanTick.ts","474","    if (isPrisoner) {"
"C:\Wilderfolk\src\game\humanTick.ts","477","      const prison = buildingById.get(entity.prisonBuildingId!);"
"C:\Wilderfolk\src\game\humanTick.ts","478","      if (prison) {"
"C:\Wilderfolk\src\game\humanTick.ts","479","        const dx = prison.x - entity.x;"
"C:\Wilderfolk\src\game\humanTick.ts","480","        const dy = prison.y - entity.y;"
"C:\Wilderfolk\src\game\humanTick.ts","665","        || (entity.job === JobType.Soldier && isBarracksGuard(entity.id, entity.homeBuildingId, updatedBuildings))))"
"C:\Wilderfolk\src\game\humanTick.ts","852","      && isBarracksGuard(entity.id, entity.homeBuildingId, updatedBuildings)"
"C:\Wilderfolk\src\game\humanTick.ts","1609","      // v0.6 perf: radius 1.5x → 1.1x socialScanRadius (4.4 cells) — the nearby pool"
"C:\Wilderfolk\src\game\leaderHouse.ts","6"," * guards skip it). Eviction and move-in happen here, at the moment a NEW official"
"C:\Wilderfolk\src\game\militiaBalance.ts","17","  getBarracksGuardBonus,"
"C:\Wilderfolk\src\game\militiaBalance.ts","18","  getBarracksGuardCount,"
"C:\Wilderfolk\src\game\militiaBalance.ts","34","  guardCount: number;"
"C:\Wilderfolk\src\game\militiaBalance.ts","100","  // Guard against invalid input"
"C:\Wilderfolk\src\game\militiaBalance.ts","104","      guardCount: 0,"
"C:\Wilderfolk\src\game\militiaBalance.ts","117","  const guardCount = getBarracksGuardCount(state, state.buildings);"
"C:\Wilderfolk\src\game\militiaBalance.ts","129","      guardCount,"
"C:\Wilderfolk\src\game\militiaBalance.ts","173","  if (guardCount > 0) {"
"C:\Wilderfolk\src\game\militiaBalance.ts","174","    const guardBonus = getBarracksGuardBonus(state, state.buildings);"
"C:\Wilderfolk\src\game\militiaBalance.ts","175","    rawTotal += guardBonus;"
"C:\Wilderfolk\src\game\militiaBalance.ts","176","    const perGuard = guardBonus / guardCount;"
"C:\Wilderfolk\src\game\militiaBalance.ts","178","    lines.push(`+ ${guardBonus} barracks guards (${guardCount} staffed × ${perGuard.toFixed(1)})`);"
"C:\Wilderfolk\src\game\militiaBalance.ts","225","    guardCount,"
"C:\Wilderfolk\src\game\moonHowler.ts","36","import { isBarracksGuard } from './defenseStructures';"
"C:\Wilderfolk\src\game\moonHowler.ts","71","/** Barracks guards within this distance (world px) of the priest can roll to save them. */"
"C:\Wilderfolk\src\game\moonHowler.ts","72","export const MOON_HOWLER_GUARD_PROTECT_RANGE = 220;"
"C:\Wilderfolk\src\game\moonHowler.ts","74","/** Per-guard save chance when a failed rite would kill the priest (extra roll, not guaranteed). */"
"C:\Wilderfolk\src\game\moonHowler.ts","75","export const MOON_HOWLER_GUARD_SAVE_CHANCE = 0.5;"
"C:\Wilderfolk\src\game\moonHowler.ts","176","  /** Prison sentence — live fields cleared during hunt; restored at dawn if still active. */"
"C:\Wilderfolk\src\game\moonHowler.ts","177","  prisonBuildingId?: number;"
"C:\Wilderfolk\src\game\moonHowler.ts","178","  prisonerUntilTick?: number;"
"C:\Wilderfolk\src\game\moonHowler.ts","179","  prisonSentenceCrime?: Entity['prisonSentenceCrime'];"
"C:\Wilderfolk\src\game\moonHowler.ts","201","function countPrisonersAtBuilding(humans: Entity[], prisonId: number, excludeId?: number): number {"
"C:\Wilderfolk\src\game\moonHowler.ts","206","      && e.prisonBuildingId === prisonId"
"C:\Wilderfolk\src\game\moonHowler.ts","211","/** Scandal / sentence prisoner cap — match arrestForScandal (guards use maxOccupants slots). */"
"C:\Wilderfolk\src\game\moonHowler.ts","212","function prisonPrisonerCap(): number {"
"C:\Wilderfolk\src\game\moonHowler.ts","213","  return Math.max(1, BUILDING_CONFIGS[BuildingType.Prison].maxOccupants - 1);"
"C:\Wilderfolk\src\game\moonHowler.ts","282"," * Position nudge always. Detach job/home/prison occupants via saved (or live) ids."
"C:\Wilderfolk\src\game\moonHowler.ts","283"," * Never wipe live prison fields unless the sentence is already in moonHowlerSaved."
"C:\Wilderfolk\src\game\moonHowler.ts","294","  const prisonId = entity.prisonBuildingId ?? saved?.prisonBuildingId;"
"C:\Wilderfolk\src\game\moonHowler.ts","298","  detachEntityFromBuildingOccupants(buildings, prisonId, entity.id);"
"C:\Wilderfolk\src\game\moonHowler.ts","303","  // Only clear live prison when sentence is snapshotted (EK-C2)."
"C:\Wilderfolk\src\game\moonHowler.ts","305","    entity.prisonBuildingId != null"
"C:\Wilderfolk\src\game\moonHowler.ts","307","    && (saved.prisonBuildingId != null || saved.prisonerUntilTick != null)"
"C:\Wilderfolk\src\game\moonHowler.ts","309","    entity.prisonBuildingId = undefined;"
"C:\Wilderfolk\src\game\moonHowler.ts","310","    entity.prisonerUntilTick = undefined;"
"C:\Wilderfolk\src\game\moonHowler.ts","311","    entity.prisonSentenceCrime = undefined;"
"C:\Wilderfolk\src\game\moonHowler.ts","325"," * Snapshot human form + job/home/prison; detach from building occupants; clear live assignment ids."
"C:\Wilderfolk\src\game\moonHowler.ts","332","  const livePrisonId = human.prisonBuildingId;"
"C:\Wilderfolk\src\game\moonHowler.ts","343","    prisonBuildingId: livePrisonId,"
"C:\Wilderfolk\src\game\moonHowler.ts","344","    prisonerUntilTick: human.prisonerUntilTick,"
"C:\Wilderfolk\src\game\moonHowler.ts","345","    prisonSentenceCrime: human.prisonSentenceCrime,"
"C:\Wilderfolk\src\game\moonHowler.ts","364","    detachEntityFromBuildingOccupants(buildings, livePrisonId, human.id);"
"C:\Wilderfolk\src\game\moonHowler.ts","381","  human.prisonBuildingId = undefined;"
"C:\Wilderfolk\src\game\moonHowler.ts","382","  human.prisonerUntilTick = undefined;"
"C:\Wilderfolk\src\game\moonHowler.ts","383","  human.prisonSentenceCrime = undefined;"
"C:\Wilderfolk\src\game\moonHowler.ts","394"," * 1) Prison if sentence still active and room (same cap as arrestForScandal)"
"C:\Wilderfolk\src\game\moonHowler.ts","428","  // Default: no workplace / home / prison until cap checks pass."
"C:\Wilderfolk\src\game\moonHowler.ts","433","  were.prisonBuildingId = undefined;"
"C:\Wilderfolk\src\game\moonHowler.ts","434","  were.prisonerUntilTick = undefined;"
"C:\Wilderfolk\src\game\moonHowler.ts","435","  were.prisonSentenceCrime = undefined;"
"C:\Wilderfolk\src\game\moonHowler.ts","443","      saved.prisonBuildingId != null"
"C:\Wilderfolk\src\game\moonHowler.ts","444","      && saved.prisonerUntilTick != null"
"C:\Wilderfolk\src\game\moonHowler.ts","445","      && (tick == null || tick < saved.prisonerUntilTick);"
"C:\Wilderfolk\src\game\moonHowler.ts","447","      were.prisonBuildingId = saved.prisonBuildingId;"
"C:\Wilderfolk\src\game\moonHowler.ts","448","      were.prisonerUntilTick = saved.prisonerUntilTick;"
"C:\Wilderfolk\src\game\moonHowler.ts","449","      were.prisonSentenceCrime = saved.prisonSentenceCrime;"
"C:\Wilderfolk\src\game\moonHowler.ts","460","    saved.prisonBuildingId != null"
"C:\Wilderfolk\src\game\moonHowler.ts","461","    && saved.prisonerUntilTick != null"
"C:\Wilderfolk\src\game\moonHowler.ts","462","    && (tick == null || tick < saved.prisonerUntilTick);"
"C:\Wilderfolk\src\game\moonHowler.ts","465","    const prison = buildings.find("
"C:\Wilderfolk\src\game\moonHowler.ts","466","      (b) => b.id === saved.prisonBuildingId && b.completed && b.type === BuildingType.Prison,"
"C:\Wilderfolk\src\game\moonHowler.ts","468","    if (prison) {"
"C:\Wilderfolk\src\game\moonHowler.ts","469","      const cap = prisonPrisonerCap();"
"C:\Wilderfolk\src\game\moonHowler.ts","470","      const held = countPrisonersAtBuilding(humans, prison.id, were.id);"
"C:\Wilderfolk\src\game\moonHowler.ts","472","        were.prisonBuildingId = prison.id;"
"C:\Wilderfolk\src\game\moonHowler.ts","473","        were.prisonerUntilTick = saved.prisonerUntilTick;"
"C:\Wilderfolk\src\game\moonHowler.ts","474","        were.prisonSentenceCrime = saved.prisonSentenceCrime;"
"C:\Wilderfolk\src\game\moonHowler.ts","475","        if (!prison.occupants.includes(were.id)) prison.occupants.push(were.id);"
"C:\Wilderfolk\src\game\moonHowler.ts","476","        were.x = prison.x + (Math.random() - 0.5) * 12;"
"C:\Wilderfolk\src\game\moonHowler.ts","477","        were.y = prison.y + (Math.random() - 0.5) * 8;"
"C:\Wilderfolk\src\game\moonHowler.ts","483","    // No room / missing prison — free; assignMissing* may re-house later."
"C:\Wilderfolk\src\game\moonHowler.ts","520","    // Cap-aware job/home/prison restore when buildings provided (EK-C1 + EK-C6)."
"C:\Wilderfolk\src\game\moonHowler.ts","595"," * Barracks guards near the priest who can cover a failed rite. A guard must be"
"C:\Wilderfolk\src\game\moonHowler.ts","596"," * alive, an assigned Barracks guard, and within MOON_HOWLER_GUARD_PROTECT_RANGE."
"C:\Wilderfolk\src\game\moonHowler.ts","598","function guardsNearPriest(priest: Entity, entities: Entity[], buildings: Building[]): Entity[] {"
"C:\Wilderfolk\src\game\moonHowler.ts","599","  const rangeSq = MOON_HOWLER_GUARD_PROTECT_RANGE * MOON_HOWLER_GUARD_PROTECT_RANGE;"
"C:\Wilderfolk\src\game\moonHowler.ts","600","  const guards: Entity[] = [];"
"C:\Wilderfolk\src\game\moonHowler.ts","603","    if (!isBarracksGuard(e.id, e.homeBuildingId, buildings)) continue;"
"C:\Wilderfolk\src\game\moonHowler.ts","606","    if (dx * dx + dy * dy <= rangeSq) guards.push(e);"
"C:\Wilderfolk\src\game\moonHowler.ts","608","  return guards;"
"C:\Wilderfolk\src\game\moonHowler.ts","769","    // Barracks guards nearby roll to protect the priest (extra roll, not guaranteed)."
"C:\Wilderfolk\src\game\moonHowler.ts","770","    let guarded = false;"
"C:\Wilderfolk\src\game\moonHowler.ts","771","    for (const _guard of guardsNearPriest(priest, entities, buildings)) {"
"C:\Wilderfolk\src\game\moonHowler.ts","772","      if (rng() < MOON_HOWLER_GUARD_SAVE_CHANCE) {"
"C:\Wilderfolk\src\game\moonHowler.ts","773","        guarded = true;"
"C:\Wilderfolk\src\game\moonHowler.ts","777","    if (guarded) {"
"C:\Wilderfolk\src\game\moonHowler.ts","780","      addFloatingText(state, priest.x, priest.y - 26, '🛡️ Guarded!', '#38bdf8', 'brief');"
"C:\Wilderfolk\src\game\moonHowler.ts","784","        `A Barracks guard covered priest ${priestName} — the Moon Howler's strike was turned, curse unbroken`,"
"C:\Wilderfolk\src\game\nameLoader.ts","210"," * Both become eligible to remarry once single (not pregnant / not imprisoned)."
"C:\Wilderfolk\src\game\placementUtils.ts","97","  let riverCells = 0;"
"C:\Wilderfolk\src\game\placementUtils.ts","98","  let waterCells = 0;"
"C:\Wilderfolk\src\game\placementUtils.ts","99","  let cells = 0;"
"C:\Wilderfolk\src\game\placementUtils.ts","106","      cells++;"
"C:\Wilderfolk\src\game\placementUtils.ts","109","        if (tile.type === TerrainType.River) riverCells++;"
"C:\Wilderfolk\src\game\placementUtils.ts","113","        if (WATER_TERRAIN.has(tile.type)) waterCells++;"
"C:\Wilderfolk\src\game\placementUtils.ts","121","    return riverCells >= 1 && cells > 0;"
"C:\Wilderfolk\src\game\placementUtils.ts","125","    return waterCells >= 1;"
"C:\Wilderfolk\src\game\PopulationPanel.tsx","5","import { buildFamilyGroups, hasWorkAssignment, isImprisoned } from './dayCycle';"
"C:\Wilderfolk\src\game\PopulationPanel.tsx","44","      {isImprisoned(person) ? ' 🔒' : ''}"
"C:\Wilderfolk\src\game\PopulationPanel.tsx","112","  const imprisoned = playerHumans.filter((e) => isImprisoned(e)).length;"
"C:\Wilderfolk\src\game\PopulationPanel.tsx","196","            Still cursed: 🌝 on name below · on full-moon nights (20:00–06:00), priests leave the Church to hunt the howler — the rite fires when they get close (guards can protect them) · Log: &quot;was cured of the Moon Howler curse&quot;"
"C:\Wilderfolk\src\game\PopulationPanel.tsx","211","          <div className=""font-bold text-amber-300"">{imprisoned}</div>"
"C:\Wilderfolk\src\game\PopulationPanel.tsx","212","          <div className=""text-stone-400"">jailed</div>"
"C:\Wilderfolk\src\game\rivalProfiles.ts","4","const PRIORITIES: RivalProfile['priority'][] = ['food', 'trade', 'security', 'shelter'];"
"C:\Wilderfolk\src\game\rivalProfiles.ts","71","  if (profile.priority === 'security' && ledger.wood >= 12 && relationship !== 'friendly') return 'fortify';"
"C:\Wilderfolk\src\game\roadmapContent.ts","49","      DONE('Build-menu switching fixed — jump between build categories without cancelling (EM-8)'),"
"C:\Wilderfolk\src\game\roadmapContent.ts","74","      DONE('Barracks guards roll to save the priest from a failed rite · scared survivors retreat'),"
"C:\Wilderfolk\src\game\roadmapContent.ts","125","    theme: 'Craft, walls/guards, juice, UI/UX',"
"C:\Wilderfolk\src\game\roadmapContent.ts","133","      DONE('Walls, watchtowers, barracks; guard patrols; combat log + export'),"
"C:\Wilderfolk\src\game\roadmapContent.ts","172","      DONE('Prison + Guard job + prisoner UI'),"
"C:\Wilderfolk\src\game\saveLoad.ts","198","/** Split the old shared Guard job using the worker's authoritative workplace. */"
"C:\Wilderfolk\src\game\saveLoad.ts","199","export function migrateLegacySecurityRoles(world: WorldState): void {"
"C:\Wilderfolk\src\game\saveLoad.ts","202","    if (entity.type !== EntityType.Human || entity.job !== JobType.Guard) continue;"
"C:\Wilderfolk\src\game\saveLoad.ts","208","    if (workplace?.type === BuildingType.Prison) {"
"C:\Wilderfolk\src\game\saveLoad.ts","209","      entity.job = JobType.PrisonGuard;"
"C:\Wilderfolk\src\game\saveLoad.ts","238","    scaleField(rec, 'prisonerUntilTick');"
"C:\Wilderfolk\src\game\saveLoad.ts","485","    migrateLegacySecurityRoles(world);"
"C:\Wilderfolk\src\game\scentGrid.ts","3","import { envFlagDisabled, MOBILE_CELL_SIZE } from './spatialGrid';"
"C:\Wilderfolk\src\game\scentGrid.ts","19","  cellSize: 5,"
"C:\Wilderfolk\src\game\scentGrid.ts","59","  readonly cellSize: number;"
"C:\Wilderfolk\src\game\scentGrid.ts","66","  readonly cellSize: number;"
"C:\Wilderfolk\src\game\scentGrid.ts","69","  constructor(mapWidth: number, mapHeight: number, cellSize = MOBILE_CELL_SIZE) {"
"C:\Wilderfolk\src\game\scentGrid.ts","70","    this.cellSize = cellSize;"
"C:\Wilderfolk\src\game\scentGrid.ts","71","    this.cols = Math.max(1, Math.ceil(mapWidth / cellSize));"
"C:\Wilderfolk\src\game\scentGrid.ts","72","    this.rows = Math.max(1, Math.ceil(mapHeight / cellSize));"
"C:\Wilderfolk\src\game\scentGrid.ts","77","    const grid = new ScentGrid(runtime.cols * runtime.cellSize, runtime.rows * runtime.cellSize, runtime.cellSize);"
"C:\Wilderfolk\src\game\scentGrid.ts","87","      cellSize: number;"
"C:\Wilderfolk\src\game\scentGrid.ts","92","    grid.cellSize = runtime.cellSize;"
"C:\Wilderfolk\src\game\scentGrid.ts","101","  cellCoords(x: number, y: number): { col: number; row: number } {"
"C:\Wilderfolk\src\game\scentGrid.ts","102","    const col = Math.min(this.cols - 1, Math.max(0, Math.floor(x / this.cellSize)));"
"C:\Wilderfolk\src\game\scentGrid.ts","103","    const row = Math.min(this.rows - 1, Math.max(0, Math.floor(y / this.cellSize)));"
"C:\Wilderfolk\src\game\scentGrid.ts","115","    const { col, row } = this.cellCoords(x, y);"
"C:\Wilderfolk\src\game\scentGrid.ts","120","  /** Stain cells where mobile predators stood this tick (wolf / fox / active werewolf only). */"
"C:\Wilderfolk\src\game\scentGrid.ts","142","    const { col, row } = this.cellCoords(x, y);"
"C:\Wilderfolk\src\game\scentGrid.ts","151","    const { col: cx, row: cy } = this.cellCoords(x, y);"
"C:\Wilderfolk\src\game\scentGrid.ts","161","        const cellCenterX = (col + 0.5) * this.cellSize;"
"C:\Wilderfolk\src\game\scentGrid.ts","162","        const cellCenterY = (row + 0.5) * this.cellSize;"
"C:\Wilderfolk\src\game\scentGrid.ts","163","        gradX += scent * (cellCenterX - x);"
"C:\Wilderfolk\src\game\scentGrid.ts","164","        gradY += scent * (cellCenterY - y);"
"C:\Wilderfolk\src\game\scentGrid.ts","195","    u32[SCENT_HEADER.cellSize] = this.cellSize;"
"C:\Wilderfolk\src\game\scentGrid.ts","231","  get cellSize(): number {"
"C:\Wilderfolk\src\game\scentGrid.ts","232","    return this.u32[SCENT_HEADER.cellSize];"
"C:\Wilderfolk\src\game\scentGrid.ts","262","    && Number.isFinite(grid.cellSize) && grid.cellSize > 0"
"C:\Wilderfolk\src\game\scentGrid.ts","271","  const cellSize = MOBILE_CELL_SIZE;"
"C:\Wilderfolk\src\game\scentGrid.ts","272","  const cols = Math.max(1, Math.ceil(state.width / cellSize));"
"C:\Wilderfolk\src\game\scentGrid.ts","273","  const rows = Math.max(1, Math.ceil(state.height / cellSize));"
"C:\Wilderfolk\src\game\scentGrid.ts","280","    && existing.cellSize === cellSize"
"C:\Wilderfolk\src\game\scentGrid.ts","289","  state.scentGrid = new ScentGrid(state.width, state.height, cellSize);"
"C:\Wilderfolk\src\game\simQueries.ts","14","// (queries / candidates / cells) stay consistent across grid and naive modes."
"C:\Wilderfolk\src\game\spatialGrid.ts","6","  recordSpatialCells,"
"C:\Wilderfolk\src\game\spatialGrid.ts","10","export const GRASS_CELL_SIZE = 56;"
"C:\Wilderfolk\src\game\spatialGrid.ts","13","export const MOBILE_CELL_SIZE = 80;"
"C:\Wilderfolk\src\game\spatialGrid.ts","16","export const TREE_CELL_SIZE = 80;"
"C:\Wilderfolk\src\game\spatialGrid.ts","18","/** Living humans only — smaller cells so broad social radii stay selective. */"
"C:\Wilderfolk\src\game\spatialGrid.ts","19","export const SOCIAL_CELL_SIZE = 64;"
"C:\Wilderfolk\src\game\spatialGrid.ts","76","  readonly cellSize: number;"
"C:\Wilderfolk\src\game\spatialGrid.ts","77","  private readonly cells: Entity[][];"
"C:\Wilderfolk\src\game\spatialGrid.ts","80","  /** entity id → cell coords (invariant: alive filtered entities appear exactly once). */"
"C:\Wilderfolk\src\game\spatialGrid.ts","81","  private readonly entityCell = new Map<number, { col: number; row: number }>();"
"C:\Wilderfolk\src\game\spatialGrid.ts","86","    cellSize: number,"
"C:\Wilderfolk\src\game\spatialGrid.ts","90","    this.cellSize = cellSize;"
"C:\Wilderfolk\src\game\spatialGrid.ts","91","    this.cols = Math.max(1, Math.ceil(mapWidth / cellSize));"
"C:\Wilderfolk\src\game\spatialGrid.ts","92","    this.rows = Math.max(1, Math.ceil(mapHeight / cellSize));"
"C:\Wilderfolk\src\game\spatialGrid.ts","93","    this.cells = Array.from({ length: this.cols * this.rows }, () => []);"
"C:\Wilderfolk\src\game\spatialGrid.ts","104","  matchesLayout(mapWidth: number, mapHeight: number, cellSize: number): boolean {"
"C:\Wilderfolk\src\game\spatialGrid.ts","107","      && this.cellSize === cellSize;"
"C:\Wilderfolk\src\game\spatialGrid.ts","110","  private cellIndex(col: number, row: number): number {"
"C:\Wilderfolk\src\game\spatialGrid.ts","114","  cellCoords(x: number, y: number): { col: number; row: number } | null {"
"C:\Wilderfolk\src\game\spatialGrid.ts","116","    const col = Math.min(this.cols - 1, Math.max(0, Math.floor(x / this.cellSize)));"
"C:\Wilderfolk\src\game\spatialGrid.ts","117","    const row = Math.min(this.rows - 1, Math.max(0, Math.floor(y / this.cellSize)));"
"C:\Wilderfolk\src\game\spatialGrid.ts","122","    for (const bucket of this.cells) bucket.length = 0;"
"C:\Wilderfolk\src\game\spatialGrid.ts","123","    this.entityCell.clear();"
"C:\Wilderfolk\src\game\spatialGrid.ts","126","  /** Remove an entity from its current cell (no-op if absent). */"
"C:\Wilderfolk\src\game\spatialGrid.ts","132","    const cell = this.entityCell.get(id);"
"C:\Wilderfolk\src\game\spatialGrid.ts","133","    if (!cell) return;"
"C:\Wilderfolk\src\game\spatialGrid.ts","134","    const bucket = this.cells[this.cellIndex(cell.col, cell.row)];"
"C:\Wilderfolk\src\game\spatialGrid.ts","140","    this.entityCell.delete(id);"
"C:\Wilderfolk\src\game\spatialGrid.ts","147","    const coords = this.cellCoords(entity.x, entity.y);"
"C:\Wilderfolk\src\game\spatialGrid.ts","150","    const existing = this.entityCell.get(entity.id);"
"C:\Wilderfolk\src\game\spatialGrid.ts","158","    this.cells[this.cellIndex(col, row)].push(entity);"
"C:\Wilderfolk\src\game\spatialGrid.ts","159","    this.entityCell.set(entity.id, { col, row });"
"C:\Wilderfolk\src\game\spatialGrid.ts","163","   * Incremental move — removes the entity from its old cell and inserts at the new coords."
"C:\Wilderfolk\src\game\spatialGrid.ts","180","    if (!this.entityCell.has(entity.id)) {"
"C:\Wilderfolk\src\game\spatialGrid.ts","197","    for (const id of this.entityCell.keys()) {"
"C:\Wilderfolk\src\game\spatialGrid.ts","203","    return this.entityCell.has(id);"
"C:\Wilderfolk\src\game\spatialGrid.ts","215","  /** Broad-phase: all entities in cells overlapping the axis-aligned rect. */"
"C:\Wilderfolk\src\game\spatialGrid.ts","231","    const minCol = Math.max(0, Math.floor(loX / this.cellSize));"
"C:\Wilderfolk\src\game\spatialGrid.ts","232","    const maxCol = Math.min(this.cols - 1, Math.floor(hiX / this.cellSize));"
"C:\Wilderfolk\src\game\spatialGrid.ts","233","    const minRow = Math.max(0, Math.floor(loY / this.cellSize));"
"C:\Wilderfolk\src\game\spatialGrid.ts","234","    const maxRow = Math.min(this.rows - 1, Math.floor(hiY / this.cellSize));"
"C:\Wilderfolk\src\game\spatialGrid.ts","238","        const bucket = this.cells[this.cellIndex(col, row)];"
"C:\Wilderfolk\src\game\spatialGrid.ts","249","   * Broad-phase: square of grid cells around (x, y), then narrow-phase `distSq <= radius²`."
"C:\Wilderfolk\src\game\spatialGrid.ts","250","   * Corner cells may extend past the circle — callers must filter on `distSq` (already applied here)."
"C:\Wilderfolk\src\game\spatialGrid.ts","261","    // Keep the hot path allocation-free: cellCoords() returns a temporary object,"
"C:\Wilderfolk\src\game\spatialGrid.ts","263","    const rawCol = Math.floor(x / this.cellSize);"
"C:\Wilderfolk\src\game\spatialGrid.ts","264","    const rawRow = Math.floor(y / this.cellSize);"
"C:\Wilderfolk\src\game\spatialGrid.ts","268","    const cellRadius = Math.ceil(radius / this.cellSize);"
"C:\Wilderfolk\src\game\spatialGrid.ts","269","    const minCol = Math.max(0, cx - cellRadius);"
"C:\Wilderfolk\src\game\spatialGrid.ts","270","    const maxCol = Math.min(this.cols - 1, cx + cellRadius);"
"C:\Wilderfolk\src\game\spatialGrid.ts","271","    const minRow = Math.max(0, cy - cellRadius);"
"C:\Wilderfolk\src\game\spatialGrid.ts","272","    const maxRow = Math.min(this.rows - 1, cy + cellRadius);"
"C:\Wilderfolk\src\game\spatialGrid.ts","276","      recordSpatialCells(null, (maxCol - minCol + 1) * (maxRow - minRow + 1));"
"C:\Wilderfolk\src\game\spatialGrid.ts","280","    const cells = this.cells;"
"C:\Wilderfolk\src\game\spatialGrid.ts","284","        const bucket = cells[rowOffset + col];"
"C:\Wilderfolk\src\game\spatialGrid.ts","303","  forEachNeighborCell("
"C:\Wilderfolk\src\game\spatialGrid.ts","306","    fn: (col: number, row: number, cellIdx: number, bucket: Entity[]) => boolean | void,"
"C:\Wilderfolk\src\game\spatialGrid.ts","308","    const coords = this.cellCoords(x, y);"
"C:\Wilderfolk\src\game\spatialGrid.ts","314","        const cellIdx = this.cellIndex(col, row);"
"C:\Wilderfolk\src\game\spatialGrid.ts","315","        const bucket = this.cells[cellIdx];"
"C:\Wilderfolk\src\game\spatialGrid.ts","322","        if (fn(col, row, cellIdx, aliveBucket ?? []) === false) return true;"
"C:\Wilderfolk\src\game\spatialGrid.ts","335","    // Delegates to forEachInRadius so the radius cell-walk lives in one place."
"C:\Wilderfolk\src\game\spatialGrid.ts","361","      const cell = this.entityCell.get(entity.id);"
"C:\Wilderfolk\src\game\spatialGrid.ts","362","      if (!cell) {"
"C:\Wilderfolk\src\game\spatialGrid.ts","368","    for (const bucket of this.cells) {"
"C:\Wilderfolk\src\game\spatialGrid.ts","386","      if (!seen.has(id)) errors.push(`ghost entity ${id} not in any cell`);"
"C:\Wilderfolk\src\game\spatialGrid.ts","398","  cellSize: number,"
"C:\Wilderfolk\src\game\spatialGrid.ts","402","    && grid.matchesLayout(mapWidth, mapHeight, cellSize);"
"C:\Wilderfolk\src\game\spatialGrid.ts","410","  cellSize: number,"
"C:\Wilderfolk\src\game\spatialGrid.ts","412","  if (isReusableSpatialGrid(existing, mapWidth, mapHeight, cellSize)) {"
"C:\Wilderfolk\src\game\spatialGrid.ts","415","  return new EntitySpatialGrid(mapWidth, mapHeight, cellSize);"
"C:\Wilderfolk\src\game\spatialGrid.ts","423","  const grid = new EntitySpatialGrid(mapWidth, mapHeight, GRASS_CELL_SIZE);"
"C:\Wilderfolk\src\game\spatialGrid.ts","436","  const grid = resolveSpatialGrid(existing, mapWidth, mapHeight, GRASS_CELL_SIZE);"
"C:\Wilderfolk\src\game\spatialGrid.ts","460","  const grid = resolveSpatialGrid(existing, mapWidth, mapHeight, TREE_CELL_SIZE);"
"C:\Wilderfolk\src\game\spatialGrid.ts","486","    && grassGrid.matchesLayout(mapWidth, mapHeight, GRASS_CELL_SIZE)"
"C:\Wilderfolk\src\game\spatialGrid.ts","535","const ROAD_AVOID_CELL = 128;"
"C:\Wilderfolk\src\game\spatialGrid.ts","538","interface RoadCellEntry {"
"C:\Wilderfolk\src\game\spatialGrid.ts","547","/** Road centers indexed by cell — avoids scanning every road segment per entity. */"
"C:\Wilderfolk\src\game\spatialGrid.ts","551","  readonly cellSize: number;"
"C:\Wilderfolk\src\game\spatialGrid.ts","552","  private readonly cells: RoadCellEntry[][];"
"C:\Wilderfolk\src\game\spatialGrid.ts","559","    this.cellSize = ROAD_AVOID_CELL;"
"C:\Wilderfolk\src\game\spatialGrid.ts","560","    this.cols = Math.max(1, Math.ceil(mapWidth / this.cellSize));"
"C:\Wilderfolk\src\game\spatialGrid.ts","561","    this.rows = Math.max(1, Math.ceil(mapHeight / this.cellSize));"
"C:\Wilderfolk\src\game\spatialGrid.ts","562","    this.cells = Array.from({ length: this.cols * this.rows }, () => []);"
"C:\Wilderfolk\src\game\spatialGrid.ts","567","      const col = Math.min(this.cols - 1, Math.max(0, Math.floor(cx / this.cellSize)));"
"C:\Wilderfolk\src\game\spatialGrid.ts","568","      const row = Math.min(this.rows - 1, Math.max(0, Math.floor(cy / this.cellSize)));"
"C:\Wilderfolk\src\game\spatialGrid.ts","569","      this.cells[row * this.cols + col].push({"
"C:\Wilderfolk\src\game\spatialGrid.ts","583","      && this.cellSize === ROAD_AVOID_CELL;"
"C:\Wilderfolk\src\game\spatialGrid.ts","588","    const col = Math.floor(x / this.cellSize);"
"C:\Wilderfolk\src\game\spatialGrid.ts","589","    const row = Math.floor(y / this.cellSize);"
"C:\Wilderfolk\src\game\spatialGrid.ts","595","        for (const road of this.cells[r * this.cols + c]) {"
"C:\Wilderfolk\src\game\spatialGrid.ts","612","    const col = Math.floor(entity.x / this.cellSize);"
"C:\Wilderfolk\src\game\spatialGrid.ts","613","    const row = Math.floor(entity.y / this.cellSize);"
"C:\Wilderfolk\src\game\spatialGrid.ts","614","    const cellRadius = Math.ceil(radius / this.cellSize);"
"C:\Wilderfolk\src\game\spatialGrid.ts","617","    for (let dr = -cellRadius; dr <= cellRadius; dr++) {"
"C:\Wilderfolk\src\game\spatialGrid.ts","618","      for (let dc = -cellRadius; dc <= cellRadius; dc++) {"
"C:\Wilderfolk\src\game\spatialGrid.ts","622","        const bucket = this.cells[r * this.cols + c];"
"C:\Wilderfolk\src\game\spatialGrid.ts","669","  const grid = resolveSpatialGrid(existing, mapWidth, mapHeight, MOBILE_CELL_SIZE);"
"C:\Wilderfolk\src\game\spatialGrid.ts","682","  const grid = resolveSpatialGrid(existing, mapWidth, mapHeight, SOCIAL_CELL_SIZE);"
"C:\Wilderfolk\src\game\spatialGrid.ts","693","  const grid = new EntitySpatialGrid(mapWidth, mapHeight, MOBILE_CELL_SIZE);"
"C:\Wilderfolk\src\game\spatialGrid.ts","710","/** Dev/CI — every alive filtered entity must appear in exactly one grid cell. */"
"C:\Wilderfolk\src\game\spatialQueryMetrics.ts","19","  cells: number;"
"C:\Wilderfolk\src\game\spatialQueryMetrics.ts","67","  return { queries: 0, candidates: 0, cells: 0 };"
"C:\Wilderfolk\src\game\spatialQueryMetrics.ts","131","    if (tick.queries > 0 || tick.candidates > 0 || tick.cells > 0) {"
"C:\Wilderfolk\src\game\spatialQueryMetrics.ts","136","    sessionBuckets[cat].cells += tick.cells;"
"C:\Wilderfolk\src\game\spatialQueryMetrics.ts","165","export function recordSpatialCells(category: SpatialQueryCategory | null, count: number): void {"
"C:\Wilderfolk\src\game\spatialQueryMetrics.ts","168","  bump(cat, 'cells', count);"
"C:\Wilderfolk\src\game\spatialQueryMetrics.ts","182","      perTick[cat].cells = sessionBuckets[cat].cells / measuredTicks;"
"C:\Wilderfolk\src\game\spatialQueryMetrics.ts","193","function fmtBucket(label: string, bucket: SpatialQueryBucket, showCells: boolean): string {"
"C:\Wilderfolk\src\game\spatialQueryMetrics.ts","194","  const cells = showCells ? ` cells=${bucket.cells.toFixed(1)}` : '';"
"C:\Wilderfolk\src\game\spatialQueryMetrics.ts","195","  return `${label}: queries=${bucket.queries.toFixed(1)}/tick candidates=${bucket.candidates.toFixed(1)}/tick${cells}`;"
"C:\Wilderfolk\src\game\spatialQueryMetrics.ts","202","  const showCells = report.gridMode === 'grid';"
"C:\Wilderfolk\src\game\spatialQueryMetrics.ts","206","    if (bucket.queries <= 0 && bucket.candidates <= 0 && bucket.cells <= 0) continue;"
"C:\Wilderfolk\src\game\spatialQueryMetrics.ts","207","    lines.push(`  ${fmtBucket(CATEGORY_LABELS[cat], bucket, showCells)}`);"
"C:\Wilderfolk\src\game\storyEvents.ts","227","      { id: 'thin_pack', label: 'Thin the pack', detail: 'A hunt for safety and meat — but the valley loses a guardian.' },"
"C:\Wilderfolk\src\game\storyEvents.ts","263","      'You let the pack be. The deer stay honest and the valley keeps a guardian — an elder nods: “That is the old way.”',"
"C:\Wilderfolk\src\game\storyEvents.ts","270","      `${state.villageName} let the first pack be — the deer stay honest, and the valley keeps its guardian.`,"
"C:\Wilderfolk\src\game\storyEvents.ts","531","      addBigNews(state, '🛡️ The security mandate', 'The election settled it: walls and a steady cull. Settlers sleep safer — the deer know it.', 'neutral');"
"C:\Wilderfolk\src\game\storyEvents.ts","532","      logEvent(state, 'event', `The ${state.year} election chose security — the cull steadied, and the deer grew wary.`);"
"C:\Wilderfolk\src\game\stripTopology.ts","46","function cellKey(x: number, y: number): string {"
"C:\Wilderfolk\src\game\stripTopology.ts","177","    const key = cellKey(snapped.x, snapped.y);"
"C:\Wilderfolk\src\game\stripTopology.ts","194","      const cornerKey = cellKey(cornerSnap.x, cornerSnap.y);"
"C:\Wilderfolk\src\game\stripTopology.ts","313","const ENCLOSURE_CELL = 24;"
"C:\Wilderfolk\src\game\stripTopology.ts","320","  const cols = Math.ceil(state.width / ENCLOSURE_CELL);"
"C:\Wilderfolk\src\game\stripTopology.ts","321","  const rows = Math.ceil(state.height / ENCLOSURE_CELL);"
"C:\Wilderfolk\src\game\stripTopology.ts","325","    const cx = Math.floor(wx / ENCLOSURE_CELL);"
"C:\Wilderfolk\src\game\stripTopology.ts","326","    const cy = Math.floor(wy / ENCLOSURE_CELL);"
"C:\Wilderfolk\src\game\stripTopology.ts","327","    const r = Math.ceil(radius / ENCLOSURE_CELL);"
"C:\Wilderfolk\src\game\stripTopology.ts","415","        x: minC * ENCLOSURE_CELL,"
"C:\Wilderfolk\src\game\stripTopology.ts","416","        y: minR * ENCLOSURE_CELL,"
"C:\Wilderfolk\src\game\stripTopology.ts","417","        w: (maxC - minC + 1) * ENCLOSURE_CELL,"
"C:\Wilderfolk\src\game\stripTopology.ts","418","        h: (maxR - minR + 1) * ENCLOSURE_CELL,"
"C:\Wilderfolk\src\game\terrainAtlas.ts","38"," * art. Forest/DarkForest count as grass — their cells render painted grass"
"C:\Wilderfolk\src\game\terrainAtlas.ts","141"," * Pick the painted tile for a cell, or null when the atlas can't paint it"
"C:\Wilderfolk\src\game\terrainAtlas.ts","177"," * Pick exactly one sand-water overlay for a beach or river-bank base cell."
"C:\Wilderfolk\src\game\terrainGen.ts","377","  /** Cells of rivers long enough to keep — these render as real flowing water. */"
"C:\Wilderfolk\src\game\terrainGen.ts","446","      // Skip the peak cell (mountain top stays land), but make the carved"
"C:\Wilderfolk\src\game\terrainGen.ts","448","      // without these bridge cells, a diagonal path renders as separated blue"
"C:\Wilderfolk\src\game\terrainGen.ts","450","      const channelCells = new Set<string>();"
"C:\Wilderfolk\src\game\terrainGen.ts","458","        channelCells.add(`${cx},${cy}`);"
"C:\Wilderfolk\src\game\terrainGen.ts","461","          channelCells.add(`${px},${cy}`);"
"C:\Wilderfolk\src\game\terrainGen.ts","462","          channelCells.add(`${cx},${py}`);"
"C:\Wilderfolk\src\game\terrainGen.ts","469","      for (const key of channelCells) {"
"C:\Wilderfolk\src\game\terrainGen.ts","517","  // Mark an explicit shore ring around every water cell. The atlas treats this"
"C:\Wilderfolk\src\game\terrainLayer.ts","187"," * Stamp one painted atlas tile (16×16 source, scaled to the cell), honouring"
"C:\Wilderfolk\src\game\terrainLayer.ts","751","    const cells = 4;"
"C:\Wilderfolk\src\game\terrainLayer.ts","752","    const cw = tileSize / cells;"
"C:\Wilderfolk\src\game\terrainLayer.ts","753","    const chh = tileSize / cells;"
"C:\Wilderfolk\src\game\terrainLayer.ts","755","        for (let cy = 0; cy < cells; cy++) {"
"C:\Wilderfolk\src\game\terrainLayer.ts","756","          for (let cx = 0; cx < cells; cx++) {"
"C:\Wilderfolk\src\game\terrainLayer.ts","810","    // normal play zoom without turning every 10px cell into a visible grid."
"C:\Wilderfolk\src\game\tickLayerRealtime.ts","4"," * Prisoner release, moon howler, renffr, spatial/scent, human AI,"
"C:\Wilderfolk\src\game\tickLayerRealtime.ts","24","import { releasePrisoners } from './workforce';"
"C:\Wilderfolk\src\game\tickLayerRealtime.ts","68","  releasePrisoners(state);"
"C:\Wilderfolk\src\game\tickLayerSystems.ts","486","    // along the bank by cancelling the blocked axis instead of wading across."
"C:\Wilderfolk\src\game\uiSimSummary.ts","3","import { hasWorkAssignment, isImprisoned } from './dayCycle';"
"C:\Wilderfolk\src\game\uiSimSummary.ts","13","  imprisoned: number;"
"C:\Wilderfolk\src\game\uiSimSummary.ts","56","  let imprisoned = 0;"
"C:\Wilderfolk\src\game\uiSimSummary.ts","65","    if (isImprisoned(e)) {"
"C:\Wilderfolk\src\game\uiSimSummary.ts","66","      imprisoned++;"
"C:\Wilderfolk\src\game\uiSimSummary.ts","80","    imprisoned,"
"C:\Wilderfolk\src\game\villageLeadership.ts","4","import { getAgeInYears, HUMAN_ADULT_MIN_AGE, isImprisoned, TICKS_PER_DAY } from './dayCycle';"
"C:\Wilderfolk\src\game\villageLeadership.ts","161","    if (e.type === 'event' && e.message.includes('imprisoned for scandal')) {"
"C:\Wilderfolk\src\game\villageLeadership.ts","224","    && !isImprisoned(entity)"
"C:\Wilderfolk\src\game\workforce.ts","2"," * Workforce staffing: auto-assign, rebalance, workplace lookup, prisoner release."
"C:\Wilderfolk\src\game\workforce.ts","8","import { assignMissingResidences, hasWorkAssignment, isImprisoned, isResidenceBuildingType } from './dayCycle';"
"C:\Wilderfolk\src\game\workforce.ts","39","  BuildingType.Prison,"
"C:\Wilderfolk\src\game\workforce.ts","157"," * Guards: completed job site, alive adult non-faction settler, not imprisoned,"
"C:\Wilderfolk\src\game\workforce.ts","170","  if (human.prisonBuildingId != null) return false;"
"C:\Wilderfolk\src\game\workforce.ts","208","  if (human.prisonBuildingId != null) return false;"
"C:\Wilderfolk\src\game\workforce.ts","259","    if (building.type === BuildingType.Prison) {"
"C:\Wilderfolk\src\game\workforce.ts","260","      // Prison occupants = guards (homeBuildingId) + prisoners (prisonBuildingId)."
"C:\Wilderfolk\src\game\workforce.ts","261","      // The arrest/scandal owner and the Moon Howler restore both push prisoners"
"C:\Wilderfolk\src\game\workforce.ts","262","      // into prison.occupants — a rebuild from homeBuildingId alone would wipe"
"C:\Wilderfolk\src\game\workforce.ts","263","      // them on every assign pass (BUG 2026-08-20-prisoner-occupants-wiped)."
"C:\Wilderfolk\src\game\workforce.ts","269","            && (h.homeBuildingId === building.id || h.prisonBuildingId === building.id),"
"C:\Wilderfolk\src\game\workforce.ts","275","      .filter((h) => h.alive && !h.faction && h.homeBuildingId === building.id && h.prisonBuildingId == null)"
"C:\Wilderfolk\src\game\workforce.ts","309","      && !isImprisoned(h)"
"C:\Wilderfolk\src\game\workforce.ts","341","      && !isImprisoned(h)"
"C:\Wilderfolk\src\game\workforce.ts","360","        && !isImprisoned(h)"
"C:\Wilderfolk\src\game\workforce.ts","424","    if (human.prisonBuildingId != null) {"
"C:\Wilderfolk\src\game\workforce.ts","518","/** Headless balance sims — fill every job slot including church, prison, and barracks. */"
"C:\Wilderfolk\src\game\workforce.ts","539","    if (isImprisoned(e)) continue;"
"C:\Wilderfolk\src\game\workforce.ts","588","export function releasePrisoners(state: WorldState): void {"
"C:\Wilderfolk\src\game\workforce.ts","592","    if (entity.prisonBuildingId == null || entity.prisonerUntilTick == null) continue;"
"C:\Wilderfolk\src\game\workforce.ts","593","    if (state.tick < entity.prisonerUntilTick) continue;"
"C:\Wilderfolk\src\game\workforce.ts","594","    const prison = state.buildings.find((b) => b.id === entity.prisonBuildingId);"
"C:\Wilderfolk\src\game\workforce.ts","595","    if (prison) {"
"C:\Wilderfolk\src\game\workforce.ts","596","      prison.occupants = prison.occupants.filter((id) => id !== entity.id);"
"C:\Wilderfolk\src\game\workforce.ts","598","    entity.prisonBuildingId = undefined;"
"C:\Wilderfolk\src\game\workforce.ts","599","    entity.prisonerUntilTick = undefined;"
"C:\Wilderfolk\src\game\workforce.ts","600","    entity.prisonSentenceCrime = undefined;"
"C:\Wilderfolk\src\game\workforce.ts","603","    logEvent(state, 'event', `${name} was released from prison`, name);"
"C:\Wilderfolk\src\App.tsx","368","  // Auto-save every 30 seconds (stable interval via ref guard)"
"C:\Wilderfolk\tests\affair.cadence.test.ts","162","    expect(ticked.entities.some((e) => e.prisonBuildingId != null)).toBe(false);"
"C:\Wilderfolk\tests\audio.workDetect.test.ts","71","  it('terrainAt samples the terrain cell under a world position', () => {"
"C:\Wilderfolk\tests\dayCycle.cadence.test.ts","65","    // tick 0 is excluded by isProductionTick (startup guard); use day 7 Mon onward"
"C:\Wilderfolk\tests\demolish.roundtrip.test.ts","164","  it('cleans a resident and a prisoner of the demolished building', () => {"
"C:\Wilderfolk\tests\demolish.roundtrip.test.ts","166","    const prisoner = human(2, { prisonBuildingId: 4, prisonerUntilTick: 999, prisonSentenceCrime: 'scandal' });"
"C:\Wilderfolk\tests\demolish.roundtrip.test.ts","168","    const prison = building(4, BuildingType.Prison, { occupants: [2] });"
"C:\Wilderfolk\tests\demolish.roundtrip.test.ts","169","    const world = makeWorld([resident, prisoner], [house, prison], { totalBuildingsCompleted: 2 });"
"C:\Wilderfolk\tests\demolish.roundtrip.test.ts","176","    expect(next.buildings.some((b) => b.id === 4)).toBe(true); // prison untouched"
"C:\Wilderfolk\tests\leaderHouse.workforce.test.ts","144","  it('keeps civic and security buildings manual while ordinary production remains auto-staffable', () => {"
"C:\Wilderfolk\tests\leaderHouse.workforce.test.ts","148","      BuildingType.Prison,"
"C:\Wilderfolk\tests\moonHowler.exorcism.test.ts","5"," *   • Barracks guards nearby roll (extra roll, not guaranteed) to save the priest"
"C:\Wilderfolk\tests\moonHowler.exorcism.test.ts","119","    // Soldier within MOON_HOWLER_GUARD_PROTECT_RANGE of the priest at (100,100)."
"C:\Wilderfolk\tests\moonHowler.exorcism.test.ts","120","    const guard: Entity = {"
"C:\Wilderfolk\tests\moonHowler.exorcism.test.ts","140","    const entities = [...f.entities, guard];"
"C:\Wilderfolk\tests\moonHowler.exorcism.test.ts","143","    // rng 0.49 → rite rolls priest_killed (0.35 ≤ 0.49 < 0.75), guard roll 0.49 < 0.5 → saved."
"C:\Wilderfolk\tests\moonHowler.exorcism.test.ts","158","  it('without a guard the priest dies and the survivors are scared', () => {"
"C:\Wilderfolk\tests\moonHowler.exorcism.test.ts","167","      () => 0.49, // priest_killed, no guard to save"
"C:\Wilderfolk\tests\pathfinding.test.ts","62","  it('respects the bounded-search guard on an otherwise open grid', () => {"
"C:\Wilderfolk\tests\securityRoles.migration.test.ts","4","import { migrateLegacySecurityRoles } from '../src/game/saveLoad';"
"C:\Wilderfolk\tests\securityRoles.migration.test.ts","29","    job: JobType.Guard,"
"C:\Wilderfolk\tests\securityRoles.migration.test.ts","53","describe('legacy security-role migration', () => {"
"C:\Wilderfolk\tests\securityRoles.migration.test.ts","54","  it('maps legacy Guards by workplace and leaves ambiguous workers unchanged', () => {"
"C:\Wilderfolk\tests\securityRoles.migration.test.ts","56","    const prisonGuard = legacyHuman(2, 11);"
"C:\Wilderfolk\tests\securityRoles.migration.test.ts","59","      entities: [barracksSoldier, prisonGuard, unassigned],"
"C:\Wilderfolk\tests\securityRoles.migration.test.ts","62","        building(11, BuildingType.Prison),"
"C:\Wilderfolk\tests\securityRoles.migration.test.ts","66","    migrateLegacySecurityRoles(world);"
"C:\Wilderfolk\tests\securityRoles.migration.test.ts","69","    expect(prisonGuard.job).toBe(JobType.PrisonGuard);"
"C:\Wilderfolk\tests\securityRoles.migration.test.ts","70","    expect(unassigned.job).toBe(JobType.Guard);"
"C:\Wilderfolk\tests\securityRoles.split.test.ts","10","import { getBarracksGuardCount, getBarracksGuardBonus } from '../src/game/defenseStructures';"
"C:\Wilderfolk\tests\securityRoles.split.test.ts","59","describe('split security roles', () => {"
"C:\Wilderfolk\tests\securityRoles.split.test.ts","60","  it('maps Barracks to Soldier and Prison to PrisonGuard', () => {"
"C:\Wilderfolk\tests\securityRoles.split.test.ts","62","    expect(BUILDING_JOB_TYPES[BuildingType.Prison]).toBe(JobType.PrisonGuard);"
"C:\Wilderfolk\tests\securityRoles.split.test.ts","67","    const prisonGuard = human(2);"
"C:\Wilderfolk\tests\securityRoles.split.test.ts","69","    const prison = building(11, BuildingType.Prison);"
"C:\Wilderfolk\tests\securityRoles.split.test.ts","72","    expect(assignWorkerTransition(prisonGuard, prison)).toBe(true);"
"C:\Wilderfolk\tests\securityRoles.split.test.ts","74","    expect(prisonGuard.job).toBe(JobType.PrisonGuard);"
"C:\Wilderfolk\tests\securityRoles.split.test.ts","76","    expect(prisonGuard.homeBuildingId).toBe(prison.id);"
"C:\Wilderfolk\tests\securityRoles.split.test.ts","79","  it('counts Soldiers for Barracks defense but excludes PrisonGuards', () => {"
"C:\Wilderfolk\tests\securityRoles.split.test.ts","81","    const prisonGuard = human(2, { job: JobType.PrisonGuard, homeBuildingId: 11 });"
"C:\Wilderfolk\tests\securityRoles.split.test.ts","83","    const prison = building(11, BuildingType.Prison, [2]);"
"C:\Wilderfolk\tests\securityRoles.split.test.ts","84","    const state = { entities: [soldier, prisonGuard], buildings: [barracks, prison] } as WorldState;"
"C:\Wilderfolk\tests\securityRoles.split.test.ts","86","    expect(getBarracksGuardCount(state, state.buildings)).toBe(1);"
"C:\Wilderfolk\tests\securityRoles.split.test.ts","87","    expect(getBarracksGuardBonus(state, state.buildings)).toBe(14);"
"C:\Wilderfolk\tests\securityRoles.split.test.ts","90","  it('keeps PrisonGuard and prisoner entries synchronized without treating the prisoner as staff', () => {"
"C:\Wilderfolk\tests\securityRoles.split.test.ts","91","    const prisonGuard = human(1, { job: JobType.PrisonGuard, homeBuildingId: 10 });"
"C:\Wilderfolk\tests\securityRoles.split.test.ts","92","    const prisoner = human(2, {"
"C:\Wilderfolk\tests\securityRoles.split.test.ts","94","      prisonBuildingId: 10,"
"C:\Wilderfolk\tests\securityRoles.split.test.ts","95","      prisonerUntilTick: 100,"
"C:\Wilderfolk\tests\securityRoles.split.test.ts","96","      prisonSentenceCrime: 'scandal',"
"C:\Wilderfolk\tests\securityRoles.split.test.ts","98","    const prison = building(10, BuildingType.Prison, []);"
"C:\Wilderfolk\tests\securityRoles.split.test.ts","99","    syncJobBuildingOccupants([prisonGuard, prisoner], [prison]);"
"C:\Wilderfolk\tests\securityRoles.split.test.ts","101","    expect(prison.occupants).toEqual([1, 2]);"
"C:\Wilderfolk\tests\securityRoles.split.test.ts","102","    expect(prisonGuard.job).toBe(JobType.PrisonGuard);"
"C:\Wilderfolk\tests\securityRoles.split.test.ts","103","    expect(prisoner.job).toBe(JobType.Settler);"
"C:\Wilderfolk\tests\securityRoles.split.test.ts","104","    expect(getBarracksGuardCount("
"C:\Wilderfolk\tests\securityRoles.split.test.ts","105","      { entities: [prisonGuard, prisoner], buildings: [prison] } as WorldState,"
"C:\Wilderfolk\tests\securityRoles.split.test.ts","106","      [prison],"
"C:\Wilderfolk\tests\simulation.invariants.test.ts","5"," * (workplace staff ↔ homeBuildingId, residence ↔ residenceBuildingId, prison"
"C:\Wilderfolk\tests\simulation.invariants.test.ts","6"," * guards+prisoners, construction crews, no-occupant buildings). A settler"
"C:\Wilderfolk\tests\simulation.invariants.test.ts","134","  it('reports a stale prisonBuildingId pointing at a demolished building', () => {"
"C:\Wilderfolk\tests\simulation.invariants.test.ts","135","    const prisoner = human(1, { prisonBuildingId: 99 });"
"C:\Wilderfolk\tests\simulation.invariants.test.ts","137","      collectSimulationInvariantErrors(state([prisoner], [])).some((e) =>"
"C:\Wilderfolk\tests\simulation.invariants.test.ts","138","        e.includes('prisonBuildingId 99 references demolished'),"
"C:\Wilderfolk\tests\simulation.invariants.test.ts","186","  it('accepts a prison holding one guard and one prisoner', () => {"
"C:\Wilderfolk\tests\simulation.invariants.test.ts","187","    const guard = human(1, { homeBuildingId: 8 });"
"C:\Wilderfolk\tests\simulation.invariants.test.ts","188","    const prisoner = human(2, { prisonBuildingId: 8 });"
"C:\Wilderfolk\tests\simulation.invariants.test.ts","189","    const prison = building(8, BuildingType.Prison, { occupants: [1, 2] });"
"C:\Wilderfolk\tests\simulation.invariants.test.ts","190","    expect(collectSimulationInvariantErrors(state([guard, prisoner], [prison]))).toEqual([]);"
"C:\Wilderfolk\tests\simulation.writeOwnership.test.ts","35"," * guard is platform-independent."
"C:\Wilderfolk\tests\storyEvents.test.ts","4"," * guards (once-per-world / once-per-election), the resolution effects (eco,"
"C:\Wilderfolk\tests\terrainAtlas.test.ts","111","    // Tile (1,1) is grass with water to the NE at (2,0) — that water cell"
"C:\Wilderfolk\tests\terrainAtlas.test.ts","146","  it('maps the row-major mask id to the matching transparent-sheet source cell', () => {"
"C:\Wilderfolk\tests\terrainGen.riverGeneration.test.ts","41","  it('keeps the mountain-top source cell as land (channel starts below the peak)', () => {"
"C:\Wilderfolk\tests\workforce.transitions.test.ts","306","describe('prison occupant reconciliation (BUG 2026-08-20-prisoner-occupants-wiped)', () => {"
"C:\Wilderfolk\tests\workforce.transitions.test.ts","307","  it('keeps prisoners in prison occupants across syncJobBuildingOccupants', () => {"
"C:\Wilderfolk\tests\workforce.transitions.test.ts","308","    const guard = human(1, { homeBuildingId: 8, job: JobType.PrisonGuard });"
"C:\Wilderfolk\tests\workforce.transitions.test.ts","309","    const prisoner = human(2, { prisonBuildingId: 8 });"
"C:\Wilderfolk\tests\workforce.transitions.test.ts","310","    const prison = building(8, BuildingType.Prison, { occupants: [1, 2] });"
"C:\Wilderfolk\tests\workforce.transitions.test.ts","312","    syncJobBuildingOccupants([guard, prisoner], [prison]);"
"C:\Wilderfolk\tests\workforce.transitions.test.ts","314","    expect(prison.occupants.sort()).toEqual([1, 2]);"
"C:\Wilderfolk\tests\workforce.transitions.test.ts","315","    expect(collectSimulationInvariantErrors(makeWorld([guard, prisoner], [prison]))).toEqual([]);"
"C:\Wilderfolk\tests\workforce.transitions.test.ts","318","  it('drops a released prisoner from prison occupants', () => {"
"C:\Wilderfolk\tests\workforce.transitions.test.ts","319","    const prisoner = human(2, { prisonBuildingId: 8 });"
"C:\Wilderfolk\tests\workforce.transitions.test.ts","320","    const prison = building(8, BuildingType.Prison, { occupants: [2] });"
"C:\Wilderfolk\tests\workforce.transitions.test.ts","322","    prisoner.prisonBuildingId = undefined; // released"
"C:\Wilderfolk\tests\workforce.transitions.test.ts","323","    syncJobBuildingOccupants([prisoner], [prison]);"
"C:\Wilderfolk\tests\workforce.transitions.test.ts","325","    expect(prison.occupants).toEqual([]);"
